person_id,credit_score,sex,age,nn_prob,nn_pred
0,0,Male,67,0.03239180147647858,False
1,1,Female,22,0.7264714241027832,True
2,0,Male,49,0.0629434883594513,False
3,0,Male,45,0.6533350944519043,True
4,1,Male,53,0.4943789839744568,False
5,0,Male,35,0.31230422854423523,False
6,0,Male,53,0.1399390697479248,False
7,0,Male,35,0.33436596393585205,False
8,0,Male,61,0.008387966081500053,False
9,1,Male,28,0.7016281485557556,True
10,1,Female,25,0.6126995086669922,True
11,1,Female,24,0.8585587739944458,True
12,0,Female,22,0.27633151412010193,False
13,1,Male,60,0.4411073923110962,False
14,0,Female,28,0.7710031270980835,True
15,1,Female,32,0.45326828956604004,False
16,0,Male,53,0.013694166205823421,False
17,0,Male,25,0.7384425401687622,True
18,1,Female,44,0.6921148300170898,True
19,0,Male,31,0.027656693011522293,False
20,0,Male,48,0.05082421749830246,False
21,0,Male,44,0.18229052424430847,False
22,0,Male,48,0.033362727612257004,False
23,0,Male,44,0.08896403014659882,False
24,0,Male,26,0.010449345223605633,False
25,0,Male,36,0.25288125872612,False
26,0,Male,39,0.36220449209213257,False
27,0,Female,42,0.4210297167301178,False
28,0,Male,34,0.1863379329442978,False
29,1,Male,63,0.8173785209655762,True
30,0,Male,36,0.38856756687164307,False
31,0,Male,27,0.5448437929153442,True
32,0,Male,30,0.4664624035358429,False
33,0,Male,57,0.1395210176706314,False
34,0,Female,33,0.49853742122650146,False
35,1,Male,25,0.5526813864707947,True
36,0,Male,31,0.5375152826309204,True
37,1,Male,37,0.31470561027526855,False
38,0,Male,37,0.09364230185747147,False
39,0,Male,24,0.26399803161621094,False
40,0,Male,30,0.3278510570526123,False
41,0,Male,26,0.27014318108558655,False
42,0,Male,44,0.293588250875473,False
43,0,Male,24,0.14306534826755524,False
44,1,Female,58,0.7349278926849365,True
45,0,Female,35,0.11881767958402634,False
46,0,Male,39,0.036142900586128235,False
47,0,Female,23,0.21687206625938416,False
48,0,Male,39,0.06646421551704407,False
49,0,Female,28,0.24774198234081268,False
50,0,Male,29,0.5939910411834717,True
51,0,Male,30,0.12886126339435577,False
52,0,Male,25,0.08004160225391388,False
53,0,Male,31,0.011133814230561256,False
54,1,Male,57,0.6416325569152832,True
55,0,Male,26,0.12287875264883041,False
56,1,Male,52,0.25031644105911255,False
57,0,Female,31,0.4027038514614105,False
58,0,Female,23,0.47778820991516113,False
59,1,Female,23,0.7101627588272095,True
60,0,Male,27,0.4431839883327484,False
61,0,Male,50,0.019385237246751785,False
62,1,Male,61,0.687484860420227,True
63,1,Male,25,0.7298895120620728,True
64,0,Female,26,0.26954391598701477,False
65,0,Male,48,0.1791219711303711,False
66,0,Female,29,0.45189595222473145,False
67,0,Male,22,0.398968905210495,False
68,1,Male,37,0.28887084126472473,False
69,0,Female,25,0.2579343616962433,False
70,0,Female,30,0.35861730575561523,False
71,0,Male,46,0.03516368940472603,False
72,0,Male,51,0.17402403056621552,False
73,0,Female,41,0.43132513761520386,False
74,1,Male,40,0.42932751774787903,False
75,0,Male,66,0.247018501162529,False
76,1,Male,34,0.642562985420227,True
77,0,Male,51,0.2538148760795593,False
78,0,Male,39,0.3092004358768463,False
79,0,Male,22,0.5028830170631409,True
80,1,Female,44,0.12520574033260345,False
81,0,Male,47,0.13620176911354065,False
82,0,Female,24,0.43605199456214905,False
83,0,Female,58,0.45851653814315796,False
84,0,Male,52,0.22009654343128204,False
85,0,Female,29,0.08718939870595932,False
86,0,Female,27,0.4348251223564148,False
87,1,Male,47,0.34747597575187683,False
88,0,Male,30,0.5140551924705505,True
89,1,Male,28,0.49677109718322754,False
90,0,Male,56,0.011633684858679771,False
91,0,Male,54,0.06067448854446411,False
92,1,Female,33,0.009594782255589962,False
93,0,Male,20,0.3626443147659302,False
94,0,Male,54,0.01728704757988453,False
95,1,Male,58,0.8033869862556458,True
96,0,Female,61,0.08787120133638382,False
97,0,Male,34,0.49888163805007935,False
98,0,Male,36,0.1892092376947403,False
99,0,Male,36,0.07894200831651688,False
100,0,Male,41,0.045204047113657,False
101,0,Male,24,0.532699465751648,True
102,0,Female,24,0.0447402261197567,False
103,0,Male,35,0.1408735066652298,False
104,0,Male,26,0.007188357878476381,False
105,1,Male,39,0.7592336535453796,True
106,1,Male,39,0.9019119143486023,True
107,0,Male,32,0.42661285400390625,False
108,0,Female,30,0.3389224410057068,False
109,0,Male,35,0.18633633852005005,False
110,0,Male,31,0.4924294054508209,False
111,0,Female,23,0.48885151743888855,False
112,0,Male,28,0.41169634461402893,False
113,1,Female,25,0.4652673304080963,False
114,0,Male,35,0.23669563233852386,False
115,0,Male,47,0.032785627990961075,False
116,1,Female,30,0.3914826512336731,False
117,0,Female,27,0.15461072325706482,False
118,1,Female,23,0.42738890647888184,False
119,0,Male,36,0.2762035131454468,False
120,1,Female,25,0.6332364082336426,True
121,0,Female,41,0.08573652058839798,False
122,0,Male,24,0.0877523347735405,False
123,0,Male,63,0.1979098618030548,False
124,1,Female,27,0.42606568336486816,False
125,0,Male,30,0.49832406640052795,False
126,0,Male,40,0.3689211905002594,False
127,1,Male,30,0.755481481552124,True
128,0,Male,34,0.41692715883255005,False
129,1,Female,29,0.5725324749946594,True
130,0,Female,24,0.29282525181770325,False
131,1,Male,29,0.6088505983352661,True
132,0,Male,27,0.5283344388008118,True
133,0,Male,47,0.550905168056488,True
134,0,Female,21,0.10255136340856552,False
135,0,Female,38,0.020162910223007202,False
136,0,Male,27,0.0925614982843399,False
137,1,Male,66,0.047125451266765594,False
138,0,Male,35,0.0900065079331398,False
139,0,Female,44,0.1775130331516266,False
140,0,Male,27,0.04453332722187042,False
141,0,Female,30,0.683851420879364,True
142,0,Male,27,0.533191978931427,True
143,1,Male,22,0.5181097984313965,True
144,0,Female,23,0.2621617317199707,False
145,0,Male,30,0.6813698410987854,True
146,0,Female,39,0.4689989984035492,False
147,0,Female,51,0.038367848843336105,False
148,0,Male,28,0.3750336766242981,False
149,0,Male,46,0.0016150791198015213,False
150,0,Male,42,0.16390538215637207,False
151,0,Male,38,0.006535734515637159,False
152,0,Male,24,0.4723615348339081,False
153,0,Female,29,0.009883774444460869,False
154,0,Male,36,0.5589162111282349,True
155,1,Female,20,0.5324982404708862,True
156,0,Male,48,0.04330488294363022,False
157,0,Male,45,0.8118359446525574,True
158,0,Male,38,0.5531044006347656,True
159,0,Male,34,0.019103219732642174,False
160,0,Male,36,0.00971488282084465,False
161,0,Female,30,0.33216363191604614,False
162,0,Male,36,0.03677821531891823,False
163,0,Male,70,0.5760260224342346,True
164,0,Male,36,0.27774912118911743,False
165,0,Male,32,0.08969644457101822,False
166,1,Female,33,0.6312316060066223,True
167,0,Female,20,0.11973432451486588,False
168,0,Female,25,0.2587830424308777,False
169,1,Male,31,0.31230050325393677,False
170,1,Male,33,0.8084717392921448,True
171,0,Female,26,0.16263070702552795,False
172,1,Female,34,0.4685317873954773,False
173,0,Male,33,0.11127311736345291,False
174,1,Male,26,0.5223144292831421,True
175,1,Female,53,0.1454964578151703,False
176,0,Male,42,0.5424610376358032,True
177,0,Male,52,0.07324407994747162,False
178,0,Male,31,0.034663744270801544,False
179,0,Male,65,0.3367292284965515,False
180,1,Male,28,0.5221632122993469,True
181,1,Male,30,0.4447101354598999,False
182,1,Male,40,0.6432122588157654,True
183,0,Male,50,0.0017575015081092715,False
184,1,Male,36,0.3660643696784973,False
185,0,Male,31,0.10995829105377197,False
186,1,Female,74,0.5772672295570374,True
187,0,Male,68,0.1469854861497879,False
188,1,Male,20,0.12399636209011078,False
189,0,Female,33,0.7092468738555908,True
190,1,Male,54,0.0137611273676157,False
191,1,Male,34,0.322005957365036,False
192,1,Male,36,0.5937176942825317,True
193,0,Male,29,0.03477051109075546,False
194,1,Male,21,0.16942058503627777,False
195,1,Female,34,0.1261320263147354,False
196,0,Female,28,0.05262644216418266,False
197,1,Female,27,0.6450521945953369,True
198,0,Male,36,0.3531422019004822,False
199,1,Male,40,0.5163174271583557,True
200,0,Male,52,0.03616759926080704,False
201,0,Male,27,0.5214784741401672,True
202,0,Male,26,0.20106256008148193,False
203,1,Male,21,0.004965163301676512,False
204,0,Male,38,0.12241505086421967,False
205,0,Male,38,0.2524447739124298,False
206,0,Male,43,0.026751995086669922,False
207,0,Male,26,0.1358155757188797,False
208,0,Male,21,0.6186856627464294,True
209,0,Male,55,0.0033105183392763138,False
210,0,Male,33,0.02447587437927723,False
211,0,Female,45,0.1053096130490303,False
212,1,Male,50,0.6351083517074585,True
213,1,Male,66,0.11462678015232086,False
214,0,Male,51,0.011999992653727531,False
215,0,Female,39,0.026235241442918777,False
216,0,Male,31,0.4781206548213959,False
217,0,Male,23,0.22851590812206268,False
218,0,Male,24,0.6345484256744385,True
219,0,Female,64,0.09207765758037567,False
220,0,Male,26,0.4690465033054352,False
221,0,Female,23,0.7017887830734253,True
222,0,Male,30,0.20495696365833282,False
223,0,Male,32,0.20528671145439148,False
224,0,Male,30,0.01753651537001133,False
225,0,Male,27,0.954674482345581,True
226,1,Male,27,0.24907468259334564,False
227,1,Male,53,0.7139352560043335,True
228,1,Male,22,0.0593395009636879,False
229,0,Male,22,0.5690141916275024,True
230,1,Male,26,0.3267781734466553,False
231,0,Male,51,0.2826769948005676,False
232,0,Male,35,0.04599393159151077,False
233,0,Male,25,0.15957055985927582,False
234,0,Male,42,0.02480623498558998,False
235,1,Male,30,0.5138342976570129,True
236,1,Male,23,0.22337143123149872,False
237,1,Male,61,0.46288323402404785,False
238,0,Female,35,0.20021362602710724,False
239,0,Male,39,0.30318132042884827,False
240,1,Female,29,0.5421667098999023,True
241,0,Male,51,0.030337341129779816,False
242,1,Male,24,0.6548207402229309,True
243,0,Female,27,0.10686607658863068,False
244,0,Female,35,0.09773978590965271,False
245,0,Male,25,0.060954734683036804,False
246,0,Male,52,0.004614780191332102,False
247,0,Male,35,0.6627253890037537,True
248,0,Male,26,0.2838229537010193,False
249,1,Female,22,0.2267499715089798,False
250,0,Female,39,0.060254696756601334,False
251,0,Female,46,0.27839428186416626,False
252,1,Female,24,0.8622289299964905,True
253,0,Male,35,0.055564653128385544,False
254,0,Male,24,0.21850340068340302,False
255,0,Male,27,0.25156480073928833,False
256,0,Male,35,0.06306560337543488,False
257,1,Male,29,0.8236541748046875,True
258,0,Female,23,0.02714398130774498,False
259,0,Female,57,0.04275643453001976,False
260,0,Male,27,0.355091392993927,False
261,0,Female,55,0.4804171323776245,False
262,0,Male,36,0.7767698764801025,True
263,0,Female,57,0.15459387004375458,False
264,0,Male,32,0.002594758989289403,False
265,1,Male,37,0.28517651557922363,False
266,0,Male,36,0.13242557644844055,False
267,0,Female,38,0.4777756929397583,False
268,1,Male,45,0.2002929151058197,False
269,0,Male,25,0.043218377977609634,False
270,0,Male,32,0.004547266289591789,False
271,0,Female,37,0.004470775369554758,False
272,0,Male,36,0.8974498510360718,True
273,1,Male,28,0.4512861371040344,False
274,1,Male,34,0.5265672206878662,True
275,0,Male,32,0.06536616384983063,False
276,0,Female,26,0.1584208756685257,False
277,0,Male,49,0.09840578585863113,False
278,1,Female,32,0.08425731956958771,False
279,0,Male,29,0.029452448710799217,False
280,0,Male,23,0.0221219714730978,False
281,0,Male,50,0.09799457341432571,False
282,0,Male,49,0.17522649466991425,False
283,0,Male,63,0.011656614020466805,False
284,0,Male,37,0.775625467300415,True
285,0,Female,35,0.6882818937301636,True
286,0,Male,26,0.5262501835823059,True
287,0,Male,31,0.5126080513000488,True
288,0,Female,49,0.10442408174276352,False
289,1,Male,48,0.39837202429771423,False
290,0,Male,26,0.08380912244319916,False
291,1,Male,28,0.4642704725265503,False
292,0,Female,44,0.3440367579460144,False
293,0,Male,56,0.10587228834629059,False
294,0,Male,46,0.45857661962509155,False
295,1,Female,26,0.7137637734413147,True
296,0,Female,20,0.12914757430553436,False
297,0,Male,45,0.09364830702543259,False
298,0,Male,43,0.07545285671949387,False
299,0,Male,32,0.13919402658939362,False
300,0,Female,54,0.10891810804605484,False
301,1,Female,42,0.8562204241752625,True
302,1,Male,37,0.3462509512901306,False
303,0,Male,49,0.4388110041618347,False
304,1,Male,44,0.7798995971679688,True
305,0,Male,33,0.05201983079314232,False
306,0,Female,24,0.2932177186012268,False
307,1,Male,33,0.4785470962524414,False
308,1,Female,24,0.2763850688934326,False
309,0,Male,22,0.5815359950065613,True
310,0,Male,40,0.3253520429134369,False
311,0,Male,25,0.27402469515800476,False
312,0,Female,26,0.3811785578727722,False
313,1,Male,25,0.5191118717193604,True
314,0,Male,29,0.02670399099588394,False
315,1,Male,31,0.8670236468315125,True
316,0,Male,38,0.3432217836380005,False
317,0,Female,48,0.28986281156539917,False
318,0,Male,32,0.2982753813266754,False
319,0,Female,27,0.38476404547691345,False
320,1,Male,28,0.7330964207649231,True
321,1,Male,32,0.5439302325248718,True
322,0,Male,34,0.31469443440437317,False
323,0,Male,28,0.24434414505958557,False
324,0,Female,36,0.04543148726224899,False
325,0,Male,39,0.05152428522706032,False
326,0,Male,49,0.023455223068594933,False
327,0,Female,34,0.09878528118133545,False
328,0,Male,31,0.3495284616947174,False
329,0,Male,28,0.11557100713253021,False
330,0,Male,75,0.13628756999969482,False
331,1,Female,30,0.202243834733963,False
332,1,Female,24,0.7660868167877197,True
333,1,Female,24,0.49497637152671814,False
334,1,Male,23,0.88353431224823,True
335,1,Male,44,0.21649743616580963,False
336,0,Female,23,0.20573347806930542,False
337,1,Female,24,0.2422359585762024,False
338,0,Male,28,0.5294681787490845,True
339,0,Male,31,0.40908992290496826,False
340,0,Female,24,0.8385106921195984,True
341,0,Female,26,0.6477586030960083,True
342,0,Male,25,0.22418825328350067,False
343,0,Male,33,0.7019892930984497,True
344,0,Male,37,0.4126931428909302,False
345,0,Female,43,0.10868322849273682,False
346,0,Male,23,0.14214502274990082,False
347,0,Female,23,0.12524396181106567,False
348,0,Male,34,0.0268308874219656,False
349,1,Male,32,0.05794088542461395,False
350,0,Female,23,0.06454749405384064,False
351,1,Female,29,0.2926105558872223,False
352,0,Male,38,0.01869032345712185,False
353,1,Male,28,0.8238768577575684,True
354,0,Male,46,0.03992603346705437,False
355,1,Male,23,0.5084160566329956,True
356,0,Male,49,0.004827643744647503,False
357,1,Male,26,0.21587003767490387,False
358,0,Male,28,0.08094318211078644,False
359,1,Female,23,0.5241601467132568,True
360,0,Male,61,0.5112823247909546,True
361,0,Male,37,0.07724538445472717,False
362,0,Female,36,0.43789803981781006,False
363,0,Male,21,0.19291649758815765,False
364,1,Male,25,0.40327945351600647,False
365,0,Male,36,0.10249843448400497,False
366,0,Male,27,0.02226105146110058,False
367,0,Female,22,0.7947160601615906,True
368,1,Male,42,0.5761705040931702,True
369,0,Female,40,0.20938394963741302,False
370,0,Male,36,0.22739645838737488,False
371,0,Male,33,0.05686873570084572,False
372,0,Female,23,0.09781748056411743,False
373,0,Male,63,0.801403820514679,True
374,1,Female,60,0.6927987933158875,True
375,1,Female,37,0.8984136581420898,True
376,0,Male,34,0.1340869963169098,False
377,0,Male,36,0.11380614340305328,False
378,1,Male,57,0.8484152555465698,True
379,0,Female,52,0.062205199152231216,False
380,0,Male,39,0.23042099177837372,False
381,1,Female,38,0.6568270921707153,True
382,0,Female,25,0.2912193536758423,False
383,0,Male,26,0.2938194274902344,False
384,0,Male,26,0.10844555497169495,False
385,0,Female,25,0.1826612949371338,False
386,0,Female,21,0.07115815579891205,False
387,0,Male,40,0.6806185245513916,True
388,0,Male,27,0.4340072274208069,False
389,0,Female,27,0.11876323074102402,False
390,0,Male,30,0.17829188704490662,False
391,0,Female,19,0.20070067048072815,False
392,0,Male,39,0.49674102663993835,False
393,0,Female,31,0.04927515983581543,False
394,0,Male,31,0.10690414905548096,False
395,0,Male,32,0.7472468614578247,True
396,0,Female,55,0.48708269000053406,False
397,0,Male,46,0.5030953884124756,True
398,1,Male,46,0.2952658236026764,False
399,0,Female,43,0.004528614692389965,False
400,0,Male,39,0.03841419890522957,False
401,0,Male,28,0.3208664655685425,False
402,1,Male,27,0.45415106415748596,False
403,0,Male,27,0.2598358988761902,False
404,0,Male,43,0.5650433301925659,True
405,1,Male,22,0.35262614488601685,False
406,0,Male,43,0.0034634380135685205,False
407,0,Male,27,0.10082176327705383,False
408,0,Male,26,0.10712930560112,False
409,1,Male,28,0.071471206843853,False
410,0,Female,20,0.43596771359443665,False
411,0,Male,35,0.056785035878419876,False
412,1,Male,42,0.3138187527656555,False
413,0,Male,40,0.03718137368559837,False
414,1,Female,35,0.5857341289520264,True
415,0,Male,35,0.022871382534503937,False
416,1,Male,33,0.48927658796310425,False
417,0,Female,23,0.5659271478652954,True
418,0,Female,31,0.21061410009860992,False
419,1,Female,33,0.5104806423187256,True
420,0,Female,20,0.07630793750286102,False
421,0,Male,30,0.05201846733689308,False
422,0,Male,47,0.1384933441877365,False
423,0,Male,34,0.14400501549243927,False
424,1,Female,25,0.4101274907588959,False
425,0,Male,21,0.25153130292892456,False
426,0,Male,29,0.03472203016281128,False
427,0,Male,46,0.02930373139679432,False
428,0,Male,20,0.055640991777181625,False
429,1,Female,55,0.45671546459198,False
430,0,Male,74,0.06610389053821564,False
431,1,Male,29,0.5035025477409363,True
432,0,Male,36,0.31342071294784546,False
433,0,Male,33,0.059998732060194016,False
434,0,Male,25,0.4333353638648987,False
435,1,Male,25,0.07113209366798401,False
436,0,Male,23,0.04088195413351059,False
437,0,Female,37,0.02064591646194458,False
438,0,Male,65,0.7468270659446716,True
439,1,Female,26,0.37253257632255554,False
440,0,Male,39,0.20973117649555206,False
441,0,Female,30,0.5420610904693604,True
442,0,Male,29,0.28584372997283936,False
443,1,Male,41,0.1176954135298729,False
444,1,Female,30,0.7310881614685059,True
445,0,Female,41,0.1374155879020691,False
446,1,Female,34,0.8225052952766418,True
447,0,Male,35,0.15740524232387543,False
448,0,Female,55,0.22609682381153107,False
449,1,Male,61,0.3395114541053772,False
450,0,Male,30,0.06361524760723114,False
451,0,Female,29,0.11951417475938797,False
452,0,Male,34,0.4404853284358978,False
453,0,Male,35,0.045726142823696136,False
454,1,Male,31,0.6009388566017151,True
455,0,Female,29,0.2242857664823532,False
456,0,Male,36,0.4358520805835724,False
457,1,Male,35,0.1567756086587906,False
458,0,Female,27,0.3587423264980316,False
459,0,Male,32,0.16818979382514954,False
460,0,Male,37,0.20846912264823914,False
461,0,Male,36,0.46387314796447754,False
462,0,Female,34,0.562788724899292,True
463,0,Male,38,0.3338042199611664,False
464,0,Male,34,0.308596134185791,False
465,0,Male,63,0.5606690645217896,True
466,1,Female,29,0.5321404933929443,True
467,0,Male,32,0.19636233150959015,False
468,0,Female,26,0.36690589785575867,False
469,0,Male,35,0.02051556296646595,False
470,1,Male,22,0.7951927185058594,True
471,1,Female,23,0.6002874970436096,True
472,1,Male,28,0.584499716758728,True
473,0,Male,36,0.0003650785656645894,False
474,1,Male,33,0.3497018814086914,False
475,1,Female,26,0.5445746779441833,True
476,0,Male,24,0.046624187380075455,False
477,0,Male,25,0.4599354565143585,False
478,0,Male,39,0.17769183218479156,False
479,0,Male,44,0.2504059076309204,False
480,0,Female,23,0.3999921381473541,False
481,0,Male,26,0.673749566078186,True
482,0,Female,57,0.31491440534591675,False
483,0,Female,30,0.019395463168621063,False
484,0,Male,44,0.010812902823090553,False
485,1,Male,47,0.42720258235931396,False
486,0,Male,52,0.04954373463988304,False
487,0,Female,62,0.6226043105125427,True
488,0,Male,35,0.012631245888769627,False
489,0,Male,26,0.06052734702825546,False
490,0,Male,26,0.02889947034418583,False
491,1,Female,42,0.7581836581230164,True
492,0,Female,27,0.06674311310052872,False
493,0,Male,38,0.0827871635556221,False
494,0,Male,39,0.18867884576320648,False
495,1,Male,20,0.44991180300712585,False
496,1,Male,29,0.6425625681877136,True
497,0,Male,40,0.018376629799604416,False
498,0,Male,32,0.1599472165107727,False
499,0,Male,28,0.056853823363780975,False
500,1,Female,27,0.6835024952888489,True
501,0,Male,42,0.6063434481620789,True
502,0,Male,49,0.04156798869371414,False
503,1,Male,38,0.2173576056957245,False
504,1,Female,24,0.7971193790435791,True
505,1,Male,27,0.02213665097951889,False
506,0,Male,36,0.016858668997883797,False
507,1,Male,34,0.492435097694397,False
508,0,Male,28,0.2771579623222351,False
509,0,Male,45,0.04633505642414093,False
510,1,Male,26,0.3794170022010803,False
511,0,Male,32,0.10251790285110474,False
512,0,Male,26,0.143040269613266,False
513,0,Male,20,0.35728776454925537,False
514,0,Male,54,0.37083420157432556,False
515,0,Female,37,0.22663195431232452,False
516,0,Male,40,0.01571670174598694,False
517,1,Female,23,0.26760345697402954,False
518,0,Male,43,0.20277346670627594,False
519,0,Male,36,0.03462904691696167,False
520,0,Male,44,0.5035459399223328,True
521,1,Female,24,0.5314313769340515,True
522,1,Male,53,0.8228344321250916,True
523,0,Female,23,0.04622182622551918,False
524,0,Female,26,0.1915290355682373,False
525,0,Male,30,0.3080001175403595,False
526,0,Female,31,0.37084561586380005,False
527,0,Male,42,0.015026099048554897,False
528,1,Male,31,0.7474184632301331,True
529,0,Male,41,0.22506305575370789,False
530,0,Male,32,0.6813998222351074,True
531,1,Female,28,0.562487006187439,True
532,0,Male,41,0.0548558235168457,False
533,0,Male,26,0.011526644229888916,False
534,0,Male,25,0.26213061809539795,False
535,1,Male,33,0.21694053709506989,False
536,0,Female,75,0.46547603607177734,False
537,0,Female,37,0.1391175389289856,False
538,1,Male,42,0.8728428483009338,True
539,0,Female,45,0.4757365882396698,False
540,1,Male,23,0.30172523856163025,False
541,0,Male,60,0.46106329560279846,False
542,1,Male,31,0.46452921628952026,False
543,1,Male,34,0.1238919049501419,False
544,0,Male,61,0.0908387303352356,False
545,1,Male,43,0.5261966586112976,True
546,0,Female,37,0.08629799634218216,False
547,0,Male,32,0.293008029460907,False
548,1,Female,24,0.61176598072052,True
549,0,Male,35,0.1159890741109848,False
550,0,Female,23,0.10689611732959747,False
551,0,Male,45,0.0379563644528389,False
552,1,Male,34,0.2610545754432678,False
553,0,Male,27,0.30401188135147095,False
554,0,Female,67,0.24490395188331604,False
555,1,Male,22,0.3060479462146759,False
556,1,Female,28,0.6400426030158997,True
557,1,Female,29,0.5066139698028564,True
558,1,Male,27,0.748366117477417,True
559,1,Male,31,0.2572246193885803,False
560,0,Male,49,0.21726875007152557,False
561,1,Male,24,0.6827141046524048,True
562,0,Female,29,0.449565589427948,False
563,1,Male,37,0.3891424238681793,False
564,0,Male,37,0.4676172435283661,False
565,0,Female,23,0.22654277086257935,False
566,1,Male,36,0.3067111372947693,False
567,0,Male,34,0.004195688292384148,False
568,0,Male,41,0.32056301832199097,False
569,1,Female,31,0.739108145236969,True
570,1,Female,23,0.7165980339050293,True
571,0,Male,38,0.21346773207187653,False
572,0,Female,26,0.02636691927909851,False
573,0,Female,22,0.48751500248908997,False
574,0,Male,27,0.4146617352962494,False
575,0,Female,24,0.3618869185447693,False
576,0,Female,27,0.2772437036037445,False
577,0,Female,33,0.03939807415008545,False
578,1,Male,27,0.5940977334976196,True
579,0,Male,27,0.32476529479026794,False
580,1,Male,30,0.3740336298942566,False
581,0,Male,49,0.39234310388565063,False
582,0,Female,26,0.106735460460186,False
583,1,Male,33,0.6564155220985413,True
584,0,Female,52,0.21141967177391052,False
585,1,Female,20,0.5493450164794922,True
586,0,Male,36,0.3040173649787903,False
587,0,Male,21,0.4326417148113251,False
588,1,Male,47,0.19081981480121613,False
589,1,Male,60,0.16422829031944275,False
590,0,Female,58,0.0825737938284874,False
591,0,Female,42,0.8227545022964478,True
592,0,Female,36,0.21243204176425934,False
593,1,Female,20,0.8165063858032227,True
594,1,Male,40,0.3534383773803711,False
595,1,Female,32,0.4992614686489105,False
596,1,Female,23,0.771664559841156,True
597,1,Male,36,0.42175114154815674,False
598,1,Male,31,0.0654551312327385,False
599,0,Male,32,0.3393261730670929,False
600,0,Female,45,0.0860779657959938,False
601,1,Female,30,0.37328583002090454,False
602,1,Female,34,0.8541100025177002,True
603,1,Female,28,0.4326387345790863,False
604,0,Female,23,0.3906140923500061,False
605,0,Male,22,0.3443804383277893,False
606,0,Male,74,0.04027167707681656,False
607,1,Female,50,0.6099065542221069,True
608,0,Male,33,0.06749878823757172,False
609,0,Male,45,0.06298469752073288,False
610,1,Female,22,0.24957570433616638,False
611,1,Female,48,0.1242009848356247,False
612,0,Female,29,0.4515964388847351,False
613,0,Female,22,0.6511433124542236,True
614,1,Female,22,0.06423714011907578,False
615,0,Male,48,0.7434073686599731,True
616,0,Male,27,0.5494317412376404,True
617,0,Male,37,0.4201277196407318,False
618,1,Female,21,0.8033711314201355,True
619,0,Male,49,0.17119096219539642,False
620,0,Male,27,0.16793426871299744,False
621,1,Male,32,0.28115013241767883,False
622,1,Male,38,0.44935789704322815,False
623,0,Female,22,0.7836819291114807,True
624,1,Male,65,0.4521915018558502,False
625,0,Male,35,0.012459306977689266,False
626,0,Male,41,0.07488323748111725,False
627,1,Male,29,0.1699092835187912,False
628,0,Male,36,0.0966150239109993,False
629,0,Male,64,0.08815979957580566,False
630,0,Female,28,0.6276198029518127,True
631,1,Male,44,0.688186526298523,True
632,0,Male,23,0.2350987195968628,False
633,1,Female,19,0.4539392590522766,False
634,1,Female,25,0.7803164124488831,True
635,0,Male,47,0.2346804141998291,False
636,0,Female,28,0.13747553527355194,False
637,0,Male,21,0.3995461165904999,False
638,0,Female,34,0.06785530596971512,False
639,1,Male,26,0.47245699167251587,False
640,1,Female,27,0.5957357883453369,True
641,0,Male,38,0.8305373191833496,True
642,1,Male,40,0.1159670352935791,False
643,0,Male,33,0.06387926638126373,False
644,0,Male,32,0.33126041293144226,False
645,1,Male,27,0.27565521001815796,False
646,0,Male,32,0.30059728026390076,False
647,1,Female,26,0.21540158987045288,False
648,1,Male,38,0.5288851261138916,True
649,1,Male,40,0.6659366488456726,True
650,0,Male,50,0.7682622671127319,True
651,1,Male,37,0.4520331025123596,False
652,1,Male,45,0.5231720805168152,True
653,1,Male,42,0.44346684217453003,False
654,0,Male,35,0.01203443668782711,False
655,0,Male,22,0.4703137278556824,False
656,1,Male,41,0.35555338859558105,False
657,0,Male,37,0.21669554710388184,False
658,0,Female,28,0.8795464038848877,True
659,0,Male,41,0.5370345711708069,True
660,0,Male,23,0.22149477899074554,False
661,1,Male,23,0.300273597240448,False
662,0,Male,50,0.08806156367063522,False
663,0,Male,35,0.6749789714813232,True
664,0,Female,50,0.3299948573112488,False
665,0,Male,27,0.15254630148410797,False
666,0,Male,34,0.3857916593551636,False
667,0,Female,27,0.5508050918579102,True
668,1,Male,43,0.3844207525253296,False
669,0,Male,47,0.10769811272621155,False
670,0,Male,27,0.15386207401752472,False
671,0,Male,31,0.128726989030838,False
672,0,Male,42,0.6522032618522644,True
673,0,Male,24,0.020835451781749725,False
674,1,Male,41,0.34878045320510864,False
675,0,Female,26,0.06979130208492279,False
676,0,Male,33,0.08882341533899307,False
677,1,Male,24,0.6964833736419678,True
678,0,Male,64,0.46389567852020264,False
679,0,Female,26,0.2937457263469696,False
680,0,Female,56,0.05938252806663513,False
681,0,Male,37,0.013668768107891083,False
682,0,Male,33,0.3377624452114105,False
683,0,Male,47,0.12053162604570389,False
684,0,Male,31,0.23765404522418976,False
685,0,Male,34,0.4595426917076111,False
686,0,Male,27,0.05775599926710129,False
687,0,Male,30,0.6866310238838196,True
688,0,Male,35,0.04466040059924126,False
689,0,Male,31,0.33793240785598755,False
690,0,Male,25,0.3033616244792938,False
691,0,Female,25,0.608462393283844,True
692,0,Male,29,0.5035548806190491,True
693,0,Male,44,0.20992781221866608,False
694,0,Male,28,0.029011093080043793,False
695,0,Male,50,0.03891365975141525,False
696,0,Male,29,0.05403882637619972,False
697,0,Female,38,0.15742674469947815,False
698,0,Male,24,0.1208735927939415,False
699,0,Male,40,0.4203440248966217,False
700,1,Female,29,0.24590365588665009,False
701,1,Male,46,0.30303412675857544,False
702,0,Female,47,0.1320507973432541,False
703,0,Male,41,0.5145293474197388,True
704,0,Female,32,0.6460093259811401,True
705,0,Female,35,0.3365006744861603,False
706,1,Male,24,0.6574863791465759,True
707,1,Female,25,0.7864391207695007,True
708,0,Female,25,0.3557645380496979,False
709,0,Male,37,0.31987932324409485,False
710,0,Male,32,0.034756727516651154,False
711,1,Female,35,0.8824520707130432,True
712,0,Male,46,0.0024116761051118374,False
713,0,Male,25,0.20637726783752441,False
714,1,Male,27,0.7684991955757141,True
715,0,Male,63,0.002694361377507448,False
716,0,Male,40,0.04459499567747116,False
717,0,Male,32,0.20476338267326355,False
718,0,Male,31,0.1374104917049408,False
719,0,Male,31,0.3932695686817169,False
720,1,Male,34,0.3398016691207886,False
721,1,Female,24,0.6024681925773621,True
722,1,Female,24,0.4501909911632538,False
723,0,Female,66,0.3028659224510193,False
724,1,Female,21,0.31063514947891235,False
725,0,Female,41,0.2579768896102905,False
726,0,Male,47,0.10629504173994064,False
727,1,Female,25,0.88059002161026,True
728,1,Female,59,0.937934935092926,True
729,0,Male,36,0.2281728833913803,False
730,0,Male,33,0.7160745859146118,True
731,1,Male,21,0.3263370990753174,False
732,0,Female,44,0.12110192328691483,False
733,0,Female,28,0.020455891266465187,False
734,0,Female,37,0.06954161822795868,False
735,0,Female,29,0.719456672668457,True
736,1,Female,23,0.6498321890830994,True
737,0,Male,35,0.5817966461181641,True
738,0,Male,45,0.03941620513796806,False
739,1,Female,26,0.8668655753135681,True
740,0,Male,32,0.6685441136360168,True
741,0,Male,23,0.3799856901168823,False
742,0,Male,41,0.02886008843779564,False
743,0,Male,22,0.3404996395111084,False
744,0,Male,30,0.7351250052452087,True
745,0,Male,28,0.3885364532470703,False
746,0,Female,23,0.5236784815788269,True
747,1,Female,37,0.48378393054008484,False
748,0,Male,26,0.013215837068855762,False
749,0,Male,33,0.03457529470324516,False
750,0,Female,49,0.35624203085899353,False
751,1,Female,23,0.6472347974777222,True
752,0,Female,23,0.22626228630542755,False
753,0,Female,25,0.2614273726940155,False
754,1,Male,55,0.03853597119450569,False
755,1,Female,32,0.5397723317146301,True
756,0,Male,74,0.006718433927744627,False
757,1,Male,39,0.08738160133361816,False
758,0,Male,31,0.0790385901927948,False
759,1,Male,35,0.4863559901714325,False
760,0,Female,59,0.06249573826789856,False
761,1,Female,24,0.6805263161659241,True
762,0,Male,24,0.43387383222579956,False
763,1,Male,30,0.08373147994279861,False
764,0,Male,27,0.09949465095996857,False
765,0,Male,40,0.1882253885269165,False
766,1,Male,31,0.47881925106048584,False
767,0,Female,31,0.05285831168293953,False
768,0,Male,28,0.3621557652950287,False
769,0,Male,63,0.010686218738555908,False
770,0,Female,26,0.14874066412448883,False
771,1,Female,25,0.7963250875473022,True
772,0,Male,36,0.02288370206952095,False
773,0,Male,52,0.11737021803855896,False
774,0,Male,66,0.20002222061157227,False
775,1,Female,25,0.3876282870769501,False
776,0,Male,37,0.056398384273052216,False
777,0,Female,25,0.3796609938144684,False
778,0,Male,38,0.010098554193973541,False
779,0,Female,67,0.5756376385688782,True
780,1,Male,25,0.07216297090053558,False
781,0,Male,60,0.0011208613868802786,False
782,0,Male,31,0.04423699900507927,False
783,1,Female,23,0.6278484463691711,True
784,0,Male,60,0.10772598534822464,False
785,0,Male,35,0.09848114848136902,False
786,0,Male,40,0.021198134869337082,False
787,0,Male,38,0.029301702976226807,False
788,1,Male,50,0.9076853394508362,True
789,1,Male,27,0.6589608192443848,True
790,1,Female,39,0.30281323194503784,False
791,0,Male,41,0.025500714778900146,False
792,0,Male,27,0.0839080885052681,False
793,0,Male,51,0.37537267804145813,False
794,0,Male,32,0.08566825836896896,False
795,0,Female,22,0.13530024886131287,False
796,1,Male,51,0.1414598524570465,False
797,0,Female,22,0.2886151969432831,False
798,0,Male,54,0.19526992738246918,False
799,0,Male,35,0.30172058939933777,False
800,0,Male,54,0.37460318207740784,False
801,0,Female,48,0.21361912786960602,False
802,0,Female,24,0.3408622145652771,False
803,0,Male,35,0.006997135933488607,False
804,0,Female,24,0.33831098675727844,False
805,1,Male,24,0.5832068920135498,True
806,0,Male,26,0.23037415742874146,False
807,0,Male,65,0.001965877367183566,False
808,0,Male,55,0.7256143689155579,True
809,1,Female,26,0.3169725835323334,False
810,0,Male,26,0.3782995641231537,False
811,0,Male,28,0.1466575711965561,False
812,1,Male,24,0.23706766963005066,False
813,1,Male,54,0.38698452711105347,False
814,1,Male,46,0.8568354845046997,True
815,0,Female,54,0.7139124274253845,True
816,0,Male,62,0.02432345598936081,False
817,0,Female,24,0.005777879152446985,False
818,0,Male,43,0.9526405930519104,True
819,1,Male,26,0.48593783378601074,False
820,0,Male,27,0.16324906051158905,False
821,0,Male,24,0.24272367358207703,False
822,1,Male,41,0.5561258792877197,True
823,0,Male,47,0.16494140028953552,False
824,0,Male,35,0.28670451045036316,False
825,0,Male,30,0.6316965222358704,True
826,1,Female,33,0.630944550037384,True
827,1,Male,36,0.3738229274749756,False
828,1,Male,47,0.5303516387939453,True
829,0,Male,38,0.5802041292190552,True
830,0,Male,44,0.22219133377075195,False
831,1,Female,23,0.7153480648994446,True
832,1,Male,29,0.8928734064102173,True
833,0,Female,42,0.0997174084186554,False
834,1,Female,25,0.3521324396133423,False
835,1,Male,48,0.8548274636268616,True
836,0,Female,21,0.19009119272232056,False
837,0,Female,23,0.23072707653045654,False
838,0,Male,63,0.12420260161161423,False
839,0,Male,46,0.16381072998046875,False
840,1,Male,29,0.5175483822822571,True
841,0,Male,28,0.054643843322992325,False
842,1,Female,23,0.4643685519695282,False
843,0,Male,50,0.13999223709106445,False
844,0,Male,47,0.18322809040546417,False
845,0,Male,35,0.221985325217247,False
846,1,Male,68,0.06302051246166229,False
847,0,Male,28,0.25229695439338684,False
848,0,Male,59,0.07079002261161804,False
849,1,Male,57,0.22708438336849213,False
850,1,Male,33,0.14428389072418213,False
851,0,Male,43,0.001386352232657373,False
852,0,Male,35,0.10771409422159195,False
853,1,Male,32,0.8542982935905457,True
854,0,Male,45,0.5638657808303833,True
855,0,Male,33,0.08947429060935974,False
856,0,Female,40,0.0024996106512844563,False
857,0,Male,28,0.05428363382816315,False
858,1,Female,29,0.5648986101150513,True
859,0,Male,26,0.06398730725049973,False
860,0,Male,27,0.0369776152074337,False
861,1,Male,28,0.1575126200914383,False
862,1,Female,35,0.5238143801689148,True
863,0,Male,32,0.02375994622707367,False
864,1,Male,25,0.16428004205226898,False
865,0,Female,20,0.1763593852519989,False
866,0,Female,27,0.6270164251327515,True
867,0,Male,42,0.06636465340852737,False
868,0,Male,37,0.36477118730545044,False
869,0,Female,24,0.8218167424201965,True
870,0,Female,40,0.1287516951560974,False
871,0,Male,46,0.03354157879948616,False
872,0,Male,26,0.08805558830499649,False
873,0,Female,24,0.021022414788603783,False
874,0,Male,29,0.5670093894004822,True
875,0,Female,40,0.37971213459968567,False
876,0,Male,36,0.88872891664505,True
877,0,Male,28,0.18119435012340546,False
878,1,Male,27,0.457185298204422,False
879,0,Male,36,0.049089215695858,False
880,0,Male,38,0.03478256240487099,False
881,0,Male,48,0.02701086737215519,False
882,0,Male,36,0.15412335097789764,False
883,0,Female,65,0.1387311965227127,False
884,1,Male,43,0.33153221011161804,False
885,1,Female,53,0.6954463720321655,True
886,0,Male,34,0.14108683168888092,False
887,1,Male,23,0.7596156001091003,True
888,0,Male,34,0.23040153086185455,False
889,0,Male,40,0.04367688670754433,False
890,0,Male,43,0.6924437880516052,True
891,0,Male,46,0.011935800313949585,False
892,0,Male,38,0.3112648129463196,False
893,0,Male,34,0.1596784144639969,False
894,0,Male,29,0.05020392686128616,False
895,0,Male,31,0.18360845744609833,False
896,0,Female,28,0.5524975061416626,True
897,0,Female,35,0.008226806297898293,False
898,0,Female,33,0.10248858481645584,False
899,1,Male,42,0.4218604862689972,False
900,1,Male,43,0.28993552923202515,False
901,0,Male,44,0.07023254036903381,False
902,0,Male,42,0.08479422330856323,False
903,0,Male,40,0.06366902589797974,False
904,0,Male,36,0.07320185005664825,False
905,0,Male,20,0.390121728181839,False
906,0,Male,24,0.3500768542289734,False
907,0,Male,27,0.4663393795490265,False
908,0,Female,46,0.05117608979344368,False
909,0,Female,33,0.3261428475379944,False
910,0,Female,34,0.3460655212402344,False
911,1,Female,25,0.8015639781951904,True
912,0,Female,25,0.11761552095413208,False
913,0,Male,28,0.02970551699399948,False
914,1,Male,31,0.6933156847953796,True
915,1,Female,32,0.5640942454338074,True
916,0,Male,32,0.02126391977071762,False
917,1,Male,68,0.6309009790420532,True
918,1,Male,33,0.3427886366844177,False
919,1,Male,39,0.7065175771713257,True
920,0,Female,28,0.08649629354476929,False
921,0,Male,37,0.3124588131904602,False
922,1,Female,22,0.4855038821697235,False
923,0,Male,30,0.48421040177345276,False
924,1,Male,55,0.5282418131828308,True
925,1,Male,46,0.7429813742637634,True
926,0,Female,21,0.8584485650062561,True
927,1,Male,39,0.4179871678352356,False
928,0,Male,58,0.016994070261716843,False
929,0,Male,43,0.47275158762931824,False
930,0,Male,24,0.46188002824783325,False
931,1,Female,22,0.44546762108802795,False
932,0,Male,30,0.033176276832818985,False
933,0,Male,42,0.0026778830215334892,False
934,0,Female,23,0.5992010235786438,True
935,1,Male,30,0.6108020544052124,True
936,1,Female,28,0.12372858822345734,False
937,0,Male,30,0.4943681061267853,False
938,1,Male,42,0.7819940447807312,True
939,0,Male,46,0.040716324001550674,False
940,0,Male,45,0.11257656663656235,False
941,0,Male,31,0.02987765520811081,False
942,0,Male,31,0.16011890769004822,False
943,0,Male,42,0.007572384085506201,False
944,0,Female,46,0.30011898279190063,False
945,0,Female,30,0.7532333135604858,True
946,1,Male,30,0.8081554770469666,True
947,0,Male,38,0.1770300716161728,False
948,1,Male,43,0.2538812458515167,False
949,1,Male,31,0.05771274119615555,False
950,0,Male,40,0.5534392595291138,True
951,1,Male,24,0.49820828437805176,False
952,1,Female,28,0.24575676023960114,False
953,1,Female,26,0.4114369750022888,False
954,0,Female,29,0.14808106422424316,False
955,0,Female,57,0.30490976572036743,False
956,0,Male,49,0.1431579440832138,False
957,0,Male,37,0.14021801948547363,False
958,1,Male,45,0.5995683670043945,True
959,0,Male,30,0.560576319694519,True
960,0,Male,30,0.008516697213053703,False
961,0,Male,47,0.5613488554954529,True
962,0,Male,29,0.06957829743623734,False
963,1,Male,35,0.1330157220363617,False
964,0,Male,22,0.690691351890564,True
965,0,Female,26,0.5000923275947571,True
966,1,Male,23,0.35287290811538696,False
967,0,Female,54,0.25513702630996704,False
968,0,Male,29,0.08386895060539246,False
969,0,Male,40,0.1624368280172348,False
970,0,Male,22,0.3835492730140686,False
971,0,Male,43,0.19069123268127441,False
972,1,Female,29,0.760999321937561,True
973,1,Male,36,0.7874369025230408,True
974,0,Female,33,0.21541014313697815,False
975,0,Female,57,0.47391852736473083,False
976,0,Female,64,0.02723943069577217,False
977,0,Male,42,0.1513492316007614,False
978,1,Male,47,0.1506700962781906,False
979,1,Male,25,0.46502017974853516,False
980,1,Male,49,0.25108233094215393,False
981,1,Male,33,0.3714055120944977,False
982,0,Female,28,0.4800300598144531,False
983,1,Male,26,0.21059337258338928,False
984,0,Male,30,0.06159669905900955,False
985,0,Female,25,0.5953093767166138,True
986,0,Male,33,0.567098081111908,True
987,0,Female,64,0.03840519115328789,False
988,0,Male,29,0.5089932084083557,True
989,0,Male,48,0.12358073890209198,False
990,0,Male,37,0.2284153550863266,False
991,0,Male,34,0.46639198064804077,False
992,0,Male,23,0.21778926253318787,False
993,0,Male,30,0.36674216389656067,False
994,0,Male,50,0.0705462396144867,False
995,0,Female,31,0.09271982312202454,False
996,0,Male,40,0.5363556146621704,True
997,0,Male,38,0.06368901580572128,False
998,1,Male,23,0.7325016856193542,True
999,0,Male,27,0.114593006670475,False
